,stop_id,geometry,index_right,Name
8,N38570,POINT (1349613.615454541 425878.6869867225),20,Millvale
9,N71282,POINT (1350001.235742367 425547.1412899044),20,Millvale
10,N24080,POINT (1350397.258173656 425239.4420823777),20,Millvale
11,N24000,POINT (1351091.169686674 424693.2187562779),20,Millvale
284,N38430,POINT (1350176.669467453 426845.1511447991),20,Millvale
289,N17300,POINT (1351276.529466628 424816.1054558805),20,Millvale
537,N24030,POINT (1351084.972476817 424767.7155555635),20,Millvale
565,N38660,POINT (1349819.257512173 426066.6467439672),20,Millvale
653,N23940,POINT (1350077.970679735 425544.480038657),20,Millvale
701,N24040,POINT (1350846.692942722 424875.3792620671),20,Millvale
702,N38440,POINT (1350252.070789794 426756.5214086787),20,Millvale
729,N24090,POINT (1350473.269776548 425241.173300015),20,Millvale
2500,N38540,POINT (1349952.247610628 426342.0760525482),20,Millvale
2835,N24020,POINT (1349666.533896318 425847.4712327901),20,Millvale
13,P01040,POINT (1342741.728439839 412489.5236492086),3,Heinz Hall
14,P02310,POINT (1342368.324649914 412039.8696447392),3,Heinz Hall
23,P00920,POINT (1342134.578929755 412744.0512567659),3,Heinz Hall
37,P00930,POINT (1342209.684698782 412326.3361965595),3,Heinz Hall
38,P02290,POINT (1341819.489892063 411862.9059336255),3,Heinz Hall
39,P00760,POINT (1341600.142588335 412563.4459401017),3,Heinz Hall
61,P02670,POINT (1343299.852433404 412332.1004615082),3,Heinz Hall
136,P02320,POINT (1342623.892566515 412115.3526871232),3,Heinz Hall
270,P02860,POINT (1342270.934909153 412326.2327910288),3,Heinz Hall
336,P00940,POINT (1342252.568501891 412195.5105248205),3,Heinz Hall
349,P02865,POINT (1342525.257461041 412407.5771716287),3,Heinz Hall
350,P02550,POINT (1342431.467115265 411993.8018305857),3,Heinz Hall
351,P02490,POINT (1343221.928145786 412245.8942877408),3,Heinz Hall
403,P02910,POINT (1343072.025008347 412591.5327980586),3,Heinz Hall
414,P02600,POINT (1342857.375998429 412132.729444282),3,Heinz Hall
478,P02890,POINT (1342819.38498702 412510.5044222464),3,Heinz Hall
609,P00615,POINT (1342845.910156411 411059.0835898661),3,Heinz Hall
610,P00650,POINT (1342399.794698157 411297.1137686069),3,Heinz Hall
611,P00580,POINT (1341890.66533567 411575.0229318191),3,Heinz Hall
612,P70024,POINT (1341175.218059707 412005.0697887858),3,Heinz Hall
749,P03660,POINT (1341891.048234345 410771.1079766774),3,Heinz Hall
750,P03695,POINT (1342139.20979779 411254.5583114054),3,Heinz Hall
751,P00740,POINT (1342823.358477711 411660.5818647429),3,Heinz Hall
761,P03690,POINT (1342439.478358251 411783.693230544),3,Heinz Hall
765,P03145,POINT (1342535.394891671 410947.4626756687),3,Heinz Hall
770,P03090,POINT (1342928.31381169 411671.0286911388),3,Heinz Hall
858,P03315,POINT (1341065.254473918 411285.9653771675),3,Heinz Hall
947,P02280,POINT (1342245.171670557 411938.0557907443),3,Heinz Hall
948,P02270,POINT (1341573.38591735 411776.6215570819),3,Heinz Hall
949,P02650,POINT (1340676.418169146 411683.6377040815),3,Heinz Hall
974,P03360,POINT (1341196.566526621 411510.7384529335),3,Heinz Hall
982,P02830,POINT (1341480.55937194 412088.7452508325),3,Heinz Hall
991,P02470,POINT (1341716.386135791 411761.3121775272),3,Heinz Hall
996,P02430,POINT (1340889.178941349 411587.0981099939),3,Heinz Hall
1061,P03440,POINT (1341143.691315345 411980.7298403109),3,Heinz Hall
1161,P00850,POINT (1343245.738866565 412131.225788737),3,Heinz Hall
1356,P70027,POINT (1341968.334850732 411913.0441322338),3,Heinz Hall
1357,P00590,POINT (1342071.718636316 411414.0715427341),3,Heinz Hall
1358,P00600,POINT (1342620.634510542 411123.8559486099),3,Heinz Hall
1393,P00710,POINT (1342975.681501119 411628.6436901218),3,Heinz Hall
1394,P00750,POINT (1342496.334413849 411884.2815999318),3,Heinz Hall
1692,P03490,POINT (1341042.57080293 411335.3765857955),3,Heinz Hall
1760,P00860,POINT (1343383.500199978 412019.4888292616),3,Heinz Hall
2196,P00610,POINT (1342717.680530499 411129.7659612236),3,Heinz Hall
2917,P01240,POINT (1341308.91339398 410807.0952351718),3,Heinz Hall
2918,P01290,POINT (1340952.08728765 410997.6852787011),3,Heinz Hall
2919,P00375,POINT (1341281.006635655 411186.4375948791),3,Heinz Hall
2920,P00390,POINT (1341864.172032202 410885.4915904332),3,Heinz Hall
3765,P01230,POINT (1341216.048166195 410790.5159042779),3,Heinz Hall
13,P01040,POINT (1342741.728439839 412489.5236492086),12,David L. Lawrence Convention Center
23,P00920,POINT (1342134.578929755 412744.0512567659),12,David L. Lawrence Convention Center
37,P00930,POINT (1342209.684698782 412326.3361965595),12,David L. Lawrence Convention Center
61,P02670,POINT (1343299.852433404 412332.1004615082),12,David L. Lawrence Convention Center
136,P02320,POINT (1342623.892566515 412115.3526871232),12,David L. Lawrence Convention Center
183,P01620,POINT (1344514.807314935 412493.6295865033),12,David L. Lawrence Convention Center
270,P02860,POINT (1342270.934909153 412326.2327910288),12,David L. Lawrence Convention Center
277,N05890,POINT (1342191.206050182 414157.2780323399),12,David L. Lawrence Convention Center
346,P01600,POINT (1344491.114639944 412437.7466495489),12,David L. Lawrence Convention Center
349,P02865,POINT (1342525.257461041 412407.5771716287),12,David L. Lawrence Convention Center
351,P02490,POINT (1343221.928145786 412245.8942877408),12,David L. Lawrence Convention Center
352,P02530,POINT (1343633.499140214 412368.8012287832),12,David L. Lawrence Convention Center
353,P02610,POINT (1344176.87284867 412561.9779655218),12,David L. Lawrence Convention Center
403,P02910,POINT (1343072.025008347 412591.5327980586),12,David L. Lawrence Convention Center
414,P02600,POINT (1342857.375998429 412132.729444282),12,David L. Lawrence Convention Center
478,P02890,POINT (1342819.38498702 412510.5044222464),12,David L. Lawrence Convention Center
695,P02800,POINT (1344106.078453059 412920.5411167781),12,David L. Lawrence Convention Center
780,P02325,POINT (1343538.107777706 412405.8468699815),12,David L. Lawrence Convention Center
1161,P00850,POINT (1343245.738866565 412131.225788737),12,David L. Lawrence Convention Center
1341,P01610,POINT (1344593.286010832 412536.0956382997),12,David L. Lawrence Convention Center
1360,P01970,POINT (1343902.505883601 412097.0306257588),12,David L. Lawrence Convention Center
1553,E34845,POINT (1344624.496065525 413008.6806870121),12,David L. Lawrence Convention Center
1627,P02030,POINT (1343913.274813551 412268.7617226061),12,David L. Lawrence Convention Center
1676,P02060,POINT (1343940.547420941 412169.6759104804),12,David L. Lawrence Convention Center
1760,P00860,POINT (1343383.500199978 412019.4888292616),12,David L. Lawrence Convention Center
4481,P70018,POINT (1344176.13543835 412642.5328567326),12,David L. Lawrence Convention Center
6266,N05850,POINT (1342261.029146248 414111.4037113651),12,David L. Lawrence Convention Center
13,P01040,POINT (1342741.728439839 412489.5236492086),18,Benedum Center
14,P02310,POINT (1342368.324649914 412039.8696447392),18,Benedum Center
23,P00920,POINT (1342134.578929755 412744.0512567659),18,Benedum Center
37,P00930,POINT (1342209.684698782 412326.3361965595),18,Benedum Center
38,P02290,POINT (1341819.489892063 411862.9059336255),18,Benedum Center
39,P00760,POINT (1341600.142588335 412563.4459401017),18,Benedum Center
61,P02670,POINT (1343299.852433404 412332.1004615082),18,Benedum Center
136,P02320,POINT (1342623.892566515 412115.3526871232),18,Benedum Center
270,P02860,POINT (1342270.934909153 412326.2327910288),18,Benedum Center
336,P00940,POINT (1342252.568501891 412195.5105248205),18,Benedum Center
349,P02865,POINT (1342525.257461041 412407.5771716287),18,Benedum Center
350,P02550,POINT (1342431.467115265 411993.8018305857),18,Benedum Center
351,P02490,POINT (1343221.928145786 412245.8942877408),18,Benedum Center
352,P02530,POINT (1343633.499140214 412368.8012287832),18,Benedum Center
403,P02910,POINT (1343072.025008347 412591.5327980586),18,Benedum Center
414,P02600,POINT (1342857.375998429 412132.729444282),18,Benedum Center
478,P02890,POINT (1342819.38498702 412510.5044222464),18,Benedum Center
609,P00615,POINT (1342845.910156411 411059.0835898661),18,Benedum Center
610,P00650,POINT (1342399.794698157 411297.1137686069),18,Benedum Center
611,P00580,POINT (1341890.66533567 411575.0229318191),18,Benedum Center
612,P70024,POINT (1341175.218059707 412005.0697887858),18,Benedum Center
750,P03695,POINT (1342139.20979779 411254.5583114054),18,Benedum Center
751,P00740,POINT (1342823.358477711 411660.5818647429),18,Benedum Center
761,P03690,POINT (1342439.478358251 411783.693230544),18,Benedum Center
765,P03145,POINT (1342535.394891671 410947.4626756687),18,Benedum Center
770,P03090,POINT (1342928.31381169 411671.0286911388),18,Benedum Center
780,P02325,POINT (1343538.107777706 412405.8468699815),18,Benedum Center
947,P02280,POINT (1342245.171670557 411938.0557907443),18,Benedum Center
948,P02270,POINT (1341573.38591735 411776.6215570819),18,Benedum Center
974,P03360,POINT (1341196.566526621 411510.7384529335),18,Benedum Center
982,P02830,POINT (1341480.55937194 412088.7452508325),18,Benedum Center
991,P02470,POINT (1341716.386135791 411761.3121775272),18,Benedum Center
1061,P03440,POINT (1341143.691315345 411980.7298403109),18,Benedum Center
1161,P00850,POINT (1343245.738866565 412131.225788737),18,Benedum Center
1330,P01936,POINT (1343305.788688409 411197.5187928942),18,Benedum Center
1340,P02080,POINT (1343576.262253151 411661.8299846196),18,Benedum Center
1356,P70027,POINT (1341968.334850732 411913.0441322338),18,Benedum Center
1357,P00590,POINT (1342071.718636316 411414.0715427341),18,Benedum Center
1358,P00600,POINT (1342620.634510542 411123.8559486099),18,Benedum Center
1359,P01940,POINT (1343350.765770974 411126.7708576805),18,Benedum Center
1393,P00710,POINT (1342975.681501119 411628.6436901218),18,Benedum Center
1394,P00750,POINT (1342496.334413849 411884.2815999318),18,Benedum Center
1634,P02120,POINT (1343556.354174099 411514.0185568535),18,Benedum Center
1760,P00860,POINT (1343383.500199978 412019.4888292616),18,Benedum Center
2196,P00610,POINT (1342717.680530499 411129.7659612236),18,Benedum Center
2920,P00390,POINT (1341864.172032202 410885.4915904332),18,Benedum Center
25,N71205,POINT (1340464.453679527 417420.2676842373),58,North Side
42,N38480,POINT (1340559.089760982 416733.8337857999),58,North Side
43,N41740,POINT (1338046.81500097 417093.7204369362),58,North Side
98,N38740,POINT (1340345.729780069 416772.4503128788),58,North Side
111,N38340,POINT (1340056.829496734 416709.1414470638),58,North Side
122,N19270,POINT (1340595.678848951 416901.9890619642),58,North Side
146,N19290,POINT (1340372.860244692 417626.6842049962),58,North Side
147,N38770,POINT (1340847.775252674 416799.7049354363),58,North Side
249,N38380,POINT (1338561.183254241 416298.8452927134),58,North Side
250,N38820,POINT (1338900.791318093 416374.3207754317),58,North Side
251,N38830,POINT (1339480.357822765 416504.1495844665),58,North Side
252,N38330,POINT (1340003.100103123 416621.9620315946),58,North Side
253,N19450,POINT (1340623.438944419 416474.180427013),58,North Side
254,N38860,POINT (1340260.435570299 416169.3310902896),58,North Side
255,N38370,POINT (1338436.486578048 416353.7905391334),58,North Side
341,N19200,POINT (1340669.753523355 416521.8289571289),58,North Side
342,N38710,POINT (1338942.099747512 416465.4603690726),58,North Side
372,N10620,POINT (1338220.504278124 416984.6751997196),58,North Side
421,N10280,POINT (1338236.529784187 416752.1285302805),58,North Side
458,N10585,POINT (1338139.289613263 417117.5857254659),58,North Side
669,N05970,POINT (1340064.552732296 416619.2967455701),58,North Side
2483,N45890,POINT (1339991.681292418 415577.0999124548),58,North Side
2504,N05950,POINT (1339923.190759132 416371.0994458504),58,North Side
2610,N38720,POINT (1339503.107348305 416588.1124405665),58,North Side
2617,N06010,POINT (1339865.988005628 415952.3876709374),58,North Side
2693,N41735,POINT (1338135.662449117 417063.0157836404),58,North Side
2713,N46030,POINT (1340232.76471638 415577.1288791234),58,North Side
2837,N05990,POINT (1339950.090377076 415583.6302034757),58,North Side
4823,N53760,POINT (1338425.646704734 415746.5807823979),58,North Side
5117,N05980,POINT (1340033.790580174 416592.0233734538),58,North Side
5680,N06020,POINT (1339926.272214008 416393.6146004864),58,North Side
6150,N53670,POINT (1338473.146109383 415699.0813726561),58,North Side
39,P00760,POINT (1341600.142588335 412563.4459401017),1,PNC Park
65,N47280,POINT (1341707.970868504 414301.8846329644),1,PNC Park
96,N53580,POINT (1340382.054211298 414981.1310053114),1,PNC Park
120,N47285,POINT (1341817.22418808 413990.0711682863),1,PNC Park
371,N50200,POINT (1341268.052277737 414910.7573982478),1,PNC Park
459,N47310,POINT (1341590.376459326 414843.1306660431),1,PNC Park
6265,N71305,POINT (1341275.423441435 413858.1288902629),1,PNC Park
6267,N71306,POINT (1341093.423397147 414722.4387316229),1,PNC Park
87,N30390,POINT (1327545.250514941 431599.1935076384),51,Bellevue
88,N30300,POINT (1328053.220556205 431256.1319103924),51,Bellevue
89,N30240,POINT (1329075.641833397 430550.1937172126),51,Bellevue
90,N30370,POINT (1329375.520382163 430046.0380487742),51,Bellevue
104,N70008,POINT (1328439.246842464 430984.0431104052),51,Bellevue
260,N30230,POINT (1329078.969246634 430581.8121331401),51,Bellevue
261,N30310,POINT (1328265.792483711 431150.0063182422),51,Bellevue
582,N30500,POINT (1329463.608341019 430276.9778874373),51,Bellevue
720,N30400,POINT (1329527.244284132 429600.4052542959),51,Bellevue
723,N30280,POINT (1328747.698016317 430830.9625912068),51,Bellevue
2528,N30560,POINT (1327912.17864151 431405.9463934759),51,Bellevue
2831,N28950,POINT (1328888.544450308 429583.8714017891),51,Bellevue
2849,N20500,POINT (1328441.385894038 431802.4892125094),51,Bellevue
5675,N24180,POINT (1328671.183776703 429752.4327371534),51,Bellevue
5976,N24220,POINT (1329276.524009942 430358.0126532167),51,Bellevue
6105,N24280,POINT (1328393.293511716 429498.7463348906),51,Bellevue
6177,N24250,POINT (1328853.746246623 429946.288459265),51,Bellevue
152,S16210,POINT (1347947.224250677 406818.0357693702),49,South Side
204,S70020,POINT (1347536.295581309 406579.8839088008),49,South Side
206,S00180,POINT (1347629.084137525 406791.4511415907),49,South Side
331,S16230,POINT (1348312.766931315 406769.8165757121),49,South Side
682,S00370,POINT (1347578.701600056 406527.794488479),49,South Side
1082,S16180,POINT (1347656.964957332 406902.9865539637),49,South Side
1083,S16100,POINT (1346289.228018659 406942.3122359905),49,South Side
1084,S16080,POINT (1345983.959740799 406940.2032577089),49,South Side
1085,S16170,POINT (1347157.461966331 406895.5666874469),49,South Side
1086,S16190,POINT (1347570.070024577 406858.5366652137),49,South Side
1099,S16200,POINT (1348054.034424393 406868.1792618883),49,South Side
1100,S16110,POINT (1346241.182369029 406892.5105038408),49,South Side
1104,S16120,POINT (1346618.736087293 406944.9048926724),49,South Side
1109,S70054,POINT (1345693.653595611 406946.1004653532),49,South Side
1113,S16160,POINT (1347205.609094134 406938.4437156726),49,South Side
1287,S16140,POINT (1346776.058253927 406900.1101706692),49,South Side
2565,S00240,POINT (1347517.515984253 405880.6823338486),49,South Side
2971,S16130,POINT (1346579.364589565 406896.705110683),49,South Side
3133,S16090,POINT (1345937.137366003 406894.7441036187),49,South Side
155,E01335,POINT (1353655.230394235 411237.0265145688),2,Petersen Events Center
156,E01360,POINT (1354036.969475681 411582.7807127622),2,Petersen Events Center
203,E01870,POINT (1353858.332331679 411487.034731448),2,Petersen Events Center
392,E01210,POINT (1353469.264954518 411071.1348762266),2,Petersen Events Center
2310,E01180,POINT (1354033.115605579 411673.6159634405),2,Petersen Events Center
2948,E16470,POINT (1353528.333826418 411985.0628485903),2,Petersen Events Center
2949,E70217,POINT (1353346.303443995 413199.4723762407),2,Petersen Events Center
2958,E03900,POINT (1352060.039396701 412133.0002104795),2,Petersen Events Center
2966,E16190,POINT (1353031.166967356 411266.1325637568),2,Petersen Events Center
3547,E70084,POINT (1351815.280246778 411832.305080411),2,Petersen Events Center
3549,E70271,POINT (1353302.407574279 411068.0233841236),2,Petersen Events Center
3634,E55855,POINT (1351726.558132321 412057.9177023519),2,Petersen Events Center
3775,E03940,POINT (1352509.998245122 412489.774191107),2,Petersen Events Center
3866,E03910,POINT (1351992.494013189 412004.2346041379),2,Petersen Events Center
3872,E54150,POINT (1352650.391632317 411515.0924176201),2,Petersen Events Center
3958,E54140,POINT (1352341.196831374 411176.2860517633),2,Petersen Events Center
3959,E70293,POINT (1352896.72634247 411890.0965475527),2,Petersen Events Center
3960,E54160,POINT (1352654.685105178 411608.6391259696),2,Petersen Events Center
4006,E54210,POINT (1352365.416131855 411264.9601335067),2,Petersen Events Center
4098,E55860,POINT (1351685.211760778 412107.7870450303),2,Petersen Events Center
4955,E48880,POINT (1351841.885492417 411494.5544552401),2,Petersen Events Center
5012,E48910,POINT (1351885.933533211 411441.3379049861),2,Petersen Events Center
5032,E70370,POINT (1351682.06966969 411771.8761247075),2,Petersen Events Center
5264,E54170,POINT (1352055.592040475 411001.2422428416),2,Petersen Events Center
5276,E03930,POINT (1352454.802080649 412498.0818351558),2,Petersen Events Center
5283,E48845,POINT (1351880.195978477 411878.4142306612),2,Petersen Events Center
155,E01335,POINT (1353655.230394235 411237.0265145688),55,Pitt
156,E01360,POINT (1354036.969475681 411582.7807127622),55,Pitt
157,E02050,POINT (1354433.968926418 411937.9984199024),55,Pitt
203,E01870,POINT (1353858.332331679 411487.034731448),55,Pitt
318,E01730,POINT (1354440.355487466 412004.1620009314),55,Pitt
319,E01050,POINT (1352946.879708311 410680.0805044288),55,Pitt
392,E01210,POINT (1353469.264954518 411071.1348762266),55,Pitt
524,E01225,POINT (1352819.522672844 410475.5554050413),55,Pitt
1408,E19130,POINT (1354091.160926309 411166.7235437066),55,Pitt
1409,E19210,POINT (1354525.996086097 411565.0907753078),55,Pitt
1693,E19460,POINT (1353050.805856625 410227.0625623765),55,Pitt
1745,E19570,POINT (1353573.132435126 410704.4866412708),55,Pitt
2310,E01180,POINT (1354033.115605579 411673.6159634405),55,Pitt
2948,E16470,POINT (1353528.333826418 411985.0628485903),55,Pitt
2966,E16190,POINT (1353031.166967356 411266.1325637568),55,Pitt
3541,E19580,POINT (1353887.372254982 410978.3164272495),55,Pitt
3542,E19595,POINT (1354282.412107197 411343.7844539405),55,Pitt
3549,E70271,POINT (1353302.407574279 411068.0233841236),55,Pitt
3872,E54150,POINT (1352650.391632317 411515.0924176201),55,Pitt
3958,E54140,POINT (1352341.196831374 411176.2860517633),55,Pitt
3959,E70293,POINT (1352896.72634247 411890.0965475527),55,Pitt
3960,E54160,POINT (1352654.685105178 411608.6391259696),55,Pitt
4006,E54210,POINT (1352365.416131855 411264.9601335067),55,Pitt
4781,E26103,POINT (1353108.880764364 410266.7868568874),55,Pitt
5884,E70860,POINT (1353570.627554974 409747.6005441767),55,Pitt
157,E02050,POINT (1354433.968926418 411937.9984199024),8,Carnegie Music Hall
158,E01010,POINT (1354896.100449612 412371.0377967669),8,Carnegie Music Hall
159,E19840,POINT (1355876.717006568 412115.8963720409),8,Carnegie Music Hall
160,E15760,POINT (1356595.745691017 412837.7374435782),8,Carnegie Music Hall
318,E01730,POINT (1354440.355487466 412004.1620009314),8,Carnegie Music Hall
384,E15750,POINT (1356555.55227073 412900.6885408897),8,Carnegie Music Hall
385,E15720,POINT (1356592.172126515 412414.7436183955),8,Carnegie Music Hall
386,E19400,POINT (1356218.978742012 412287.020942929),8,Carnegie Music Hall
387,E01000,POINT (1354936.007412826 412486.2890211946),8,Carnegie Music Hall
396,E01710,POINT (1355359.086172101 412861.2770621349),8,Carnegie Music Hall
1382,E01720,POINT (1355382.418920312 412792.185214384),8,Carnegie Music Hall
1383,E00975,POINT (1355698.599824992 413078.7432889169),8,Carnegie Music Hall
1409,E19210,POINT (1354525.996086097 411565.0907753078),8,Carnegie Music Hall
1410,E19200,POINT (1355212.255238506 411908.7220532486),8,Carnegie Music Hall
1411,E19870,POINT (1356557.090164875 412358.7689528177),8,Carnegie Music Hall
1506,E00970,POINT (1355762.125283371 413225.8394805223),8,Carnegie Music Hall
1515,E19320,POINT (1356669.353506235 412417.1946490635),8,Carnegie Music Hall
1548,E01150,POINT (1356403.160841715 413243.0235785019),8,Carnegie Music Hall
3542,E19595,POINT (1354282.412107197 411343.7844539405),8,Carnegie Music Hall
5399,E06650,POINT (1355770.004091453 413128.7091942493),8,Carnegie Music Hall
5880,E06660,POINT (1355991.384331484 412382.3386779208),8,Carnegie Music Hall
165,N71216,POINT (1336955.598245679 414007.0483085542),0,Heinz Field
178,N04610,POINT (1337398.019031759 414084.234451653),0,Heinz Field
179,N70150,POINT (1336776.187768217 414110.782724328),0,Heinz Field
2667,N71217,POINT (1336996.595684509 414031.5039523899),0,Heinz Field
2866,N71221,POINT (1337253.955434158 414740.246899835),0,Heinz Field
2882,N45950,POINT (1337932.262526355 414875.5208489706),0,Heinz Field
4824,N45940,POINT (1337986.370211618 414944.4652496618),0,Heinz Field
5985,N45905,POINT (1338609.897032577 415028.3227123357),0,Heinz Field
165,N71216,POINT (1336955.598245679 414007.0483085542),9,Rivers Casino Pittsburgh
179,N70150,POINT (1336776.187768217 414110.782724328),9,Rivers Casino Pittsburgh
2523,N70149,POINT (1335882.369191903 414375.7552060239),9,Rivers Casino Pittsburgh
2557,N53753,POINT (1335296.953764926 415091.2519262981),9,Rivers Casino Pittsburgh
2667,N71217,POINT (1336996.595684509 414031.5039523899),9,Rivers Casino Pittsburgh
5133,N08090,POINT (1334866.963692326 414794.0374548191),9,Rivers Casino Pittsburgh
223,N53600,POINT (1334345.7811343 439608.6853959869),56,West View
233,N53635,POINT (1332825.179610676 439249.3375647647),56,West View
234,N53620,POINT (1332516.629433729 439642.1648903018),56,West View
267,N53605,POINT (1333687.842007196 439343.2630599616),56,West View
271,N53610,POINT (1332758.137861828 439624.6110368653),56,West View
575,N53595,POINT (1334135.382988396 439560.187280702),56,West View
576,N14160,POINT (1334040.405738144 439770.0005828691),56,West View
678,N14025,POINT (1334185.348163711 439793.2218508337),56,West View
710,N13720,POINT (1332105.261991103 440767.2447526155),56,West View
2582,N53597,POINT (1333706.877933444 439380.3066193325),56,West View
2762,N13730,POINT (1332518.412459254 440591.0857482895),56,West View
2875,N14255,POINT (1333105.227328452 439570.7989000057),56,West View
2886,N13700,POINT (1332073.774860496 440732.7117973004),56,West View
5472,N14332,POINT (1333072.322637652 439556.7092567242),56,West View
5982,N13740,POINT (1332460.280716733 440612.2711929551),56,West View
354,E35500,POINT (1348229.736530558 415813.0543272306),24,Strip District
367,E34950,POINT (1348226.818419071 415884.9179678114),24,Strip District
378,E35520,POINT (1349015.364106871 416488.1734021808),24,Strip District
486,E35510,POINT (1348606.492897767 416137.3503833099),24,Strip District
543,E45490,POINT (1349241.786927162 417132.9474485687),24,Strip District
1571,E34990,POINT (1349048.028836486 416580.2758242281),24,Strip District
1618,E00175,POINT (1348499.75877956 416298.2002628769),24,Strip District
1635,E45480,POINT (1348849.526264188 416788.9902528895),24,Strip District
1658,E35020,POINT (1349508.379042774 416930.9020636811),24,Strip District
2145,E35000,POINT (1349430.131056075 416907.7290168281),24,Strip District
2236,E34970,POINT (1348641.18710558 416243.6133148611),24,Strip District
2799,E00180,POINT (1349493.900207019 416875.5112555478),24,Strip District
398,E11640,POINT (1352969.95070367 421189.5769217291),57,Lawrenceville
399,E11680,POINT (1353613.244682817 421960.9660515443),57,Lawrenceville
400,E11700,POINT (1353771.844838887 422259.8252278502),57,Lawrenceville
411,E11660,POINT (1353330.350493362 421622.2194833022),57,Lawrenceville
479,E12030,POINT (1353438.312906191 421665.7965359214),57,Lawrenceville
483,E11720,POINT (1354054.576699295 422748.3553694034),57,Lawrenceville
542,E11650,POINT (1352934.687261699 421248.4026620482),57,Lawrenceville
587,E11670,POINT (1353625.810160095 422062.6877598164),57,Lawrenceville
593,E11690,POINT (1353786.270005693 422346.9238602202),57,Lawrenceville
599,E11710,POINT (1354073.405065233 422833.5219309994),57,Lawrenceville
689,E12000,POINT (1354314.054236655 423242.2075085251),57,Lawrenceville
693,E12240,POINT (1354299.257220663 423162.406188116),57,Lawrenceville
3650,E00500,POINT (1353373.363950098 420894.8627735588),57,Lawrenceville
5294,E00430,POINT (1353415.081035957 420926.9798829799),57,Lawrenceville
5310,E00420,POINT (1353094.135257489 421291.7812832529),57,Lawrenceville
608,P00680,POINT (1343779.153012398 410815.2323405854),6,A.J. Palumbo Center
1381,E19720,POINT (1346353.299434613 410122.037142257),6,A.J. Palumbo Center
1396,E19780,POINT (1345943.930004905 410152.8119371478),6,A.J. Palumbo Center
1402,E01810,POINT (1344861.620336502 410635.7753398728),6,A.J. Palumbo Center
1469,E19220,POINT (1344092.48207618 410325.5098576096),6,A.J. Palumbo Center
1481,P70019,POINT (1343924.34573119 411039.3020700712),6,A.J. Palumbo Center
1487,E19470,POINT (1344676.402932516 410282.619645267),6,A.J. Palumbo Center
1503,E01540,POINT (1346478.988091596 410500.3986379539),6,A.J. Palumbo Center
1543,E01700,POINT (1346085.865516503 410534.7685606983),6,A.J. Palumbo Center
1546,E19510,POINT (1345409.219411009 410203.8989227907),6,A.J. Palumbo Center
1719,P00660,POINT (1344340.121161417 410680.3555410698),6,A.J. Palumbo Center
1734,E01330,POINT (1345589.694935084 410568.1125576521),6,A.J. Palumbo Center
2197,E13825,POINT (1344804.156470483 411202.0792528903),6,A.J. Palumbo Center
2276,E13210,POINT (1345340.421236605 411235.1192618305),6,A.J. Palumbo Center
2277,E13860,POINT (1345942.256372112 411218.7711025752),6,A.J. Palumbo Center
2384,E13890,POINT (1345262.358969307 411176.2414843109),6,A.J. Palumbo Center
2820,P01450,POINT (1344105.93539223 411194.6662286276),6,A.J. Palumbo Center
2924,S00660,POINT (1345022.660818648 409015.5031729075),6,A.J. Palumbo Center
2940,S01050,POINT (1345007.473419522 409042.4908561034),6,A.J. Palumbo Center
2941,P00220,POINT (1343971.217821185 409279.0717104688),6,A.J. Palumbo Center
3623,E53440,POINT (1346053.271589909 410138.3808242104),6,A.J. Palumbo Center
3766,E08160,POINT (1345251.04749773 409149.2813265918),6,A.J. Palumbo Center
3882,E53470,POINT (1346022.14064326 409821.7631835272),6,A.J. Palumbo Center
4569,E70022,POINT (1345983.280007281 411288.4285186998),6,A.J. Palumbo Center
5275,E53430,POINT (1346067.779989114 410458.3348904899),6,A.J. Palumbo Center
5280,S00925,POINT (1345741.513372291 408977.5977957393),6,A.J. Palumbo Center
6085,E08070,POINT (1346018.66104826 409299.6435413811),6,A.J. Palumbo Center
797,X70022,POINT (1337884.125080101 408280.0406924194),44,Mt. Washington
798,X18841,POINT (1338349.320551335 408166.4354868162),44,Mt. Washington
799,X18720,POINT (1338783.566297953 408062.0138229404),44,Mt. Washington
800,X18770,POINT (1339197.508190519 407947.5516983276),44,Mt. Washington
801,X18880,POINT (1339965.004107984 407447.6085763964),44,Mt. Washington
802,X16330,POINT (1340125.908055402 407271.1245752612),44,Mt. Washington
803,X17680,POINT (1339930.975327286 407064.3826946499),44,Mt. Washington
804,X17700,POINT (1339758.733382217 406884.757545842),44,Mt. Washington
808,X18840,POINT (1338442.834488732 408218.7006365605),44,Mt. Washington
809,X18750,POINT (1337973.519376552 408323.6637397544),44,Mt. Washington
819,X18800,POINT (1339496.512476105 407781.3753910746),44,Mt. Washington
822,X18810,POINT (1339604.118585443 407774.9773991416),44,Mt. Washington
825,X70029,POINT (1339662.861956188 406675.1192706939),44,Mt. Washington
827,X17736,POINT (1340135.489244534 407057.6953556488),44,Mt. Washington
894,X18890,POINT (1339951.337044354 407512.0956136215),44,Mt. Washington
908,X18780,POINT (1339313.595613099 407967.9021722385),44,Mt. Washington
1072,X18730,POINT (1338887.847350583 408099.7924555295),44,Mt. Washington
811,X70068,POINT (1337799.68393374 409199.8138338655),13,Highmark Stadium
818,X09310,POINT (1337752.162457899 409290.3160900511),13,Highmark Stadium
905,X06940,POINT (1337881.350491009 409886.469574395),13,Highmark Stadium
1107,X06910,POINT (1337423.508314725 410220.0048887284),13,Highmark Stadium
5925,X70056,POINT (1337486.229952929 410266.1331313268),13,Highmark Stadium
5932,X70055,POINT (1337929.891818019 409846.5955720542),13,Highmark Stadium
922,W12703,POINT (1298816.573760145 417019.5546953028),17,Robinson
1518,W70072,POINT (1297497.937079027 416524.5522766906),17,Robinson
3317,W19497,POINT (1297562.29387137 416322.3549926993),17,Robinson
929,W02720,POINT (1323791.680499712 421744.958138613),30,McKees Rocks
930,W03950,POINT (1324663.019881105 420944.7822994799),30,McKees Rocks
931,W03560,POINT (1324745.449976225 420988.9039160727),30,McKees Rocks
932,W02710,POINT (1323897.710071965 421712.6567971365),30,McKees Rocks
933,W02780,POINT (1323361.485630774 422267.9085105797),30,McKees Rocks
1117,W02735,POINT (1322867.163400644 422701.0814671685),30,McKees Rocks
1119,W03660,POINT (1324135.370792952 420968.822326551),30,McKees Rocks
1169,W02785,POINT (1323287.178136791 422257.4698621018),30,McKees Rocks
3044,W03860,POINT (1323432.874017773 420641.055876799),30,McKees Rocks
3045,W03260,POINT (1323561.87008223 420720.02896887),30,McKees Rocks
3187,W02740,POINT (1322961.150109093 422697.8822213595),30,McKees Rocks
4759,W03890,POINT (1322899.71954995 420731.2280697124),30,McKees Rocks
5566,W02743,POINT (1324043.539919598 420927.1359257913),30,McKees Rocks
5649,W02705,POINT (1323907.915602126 421497.0130144628),30,McKees Rocks
941,X20400,POINT (1332559.307667861 395213.2422852503),22,Dormont
1051,X20050,POINT (1332449.739535586 395059.7407975342),22,Dormont
1052,X19930,POINT (1333405.678745903 395576.9215801713),22,Dormont
4141,X20090,POINT (1333243.712797491 395573.4527204345),22,Dormont
4766,X20230,POINT (1333964.683324747 395818.3108669343),22,Dormont
5803,X20240,POINT (1333998.269562774 395899.8025961456),22,Dormont
1045,X00450,POINT (1310852.537157795 381401.8075841261),37,Bridgeville
1055,X15160,POINT (1310668.808259357 382068.8789462299),37,Bridgeville
1138,X05130,POINT (1310993.081030964 381757.7380866824),37,Bridgeville
1142,X00480,POINT (1312038.197002221 380230.2247553148),37,Bridgeville
1143,X15150,POINT (1310799.625123569 382113.1210295062),37,Bridgeville
1153,X02350,POINT (1312594.008577049 382191.6713866075),37,Bridgeville
3287,X15120,POINT (1310929.067362438 382293.6953264543),37,Bridgeville
4752,X02340,POINT (1312581.55447193 382278.7363186734),37,Bridgeville
5184,X02360,POINT (1313150.86627858 382583.8927833246),37,Bridgeville
5237,X00490,POINT (1311290.349600781 380988.5129446861),37,Bridgeville
5555,X05120,POINT (1310771.863176804 381491.7904884737),37,Bridgeville
5819,X00540,POINT (1311528.834279081 380763.1247115016),37,Bridgeville
6007,X70015,POINT (1311242.662696621 382396.8292876639),37,Bridgeville
6257,X00550,POINT (1311814.892780983 380492.0093846311),37,Bridgeville
6362,X00460,POINT (1311974.956927143 380242.4804464778),37,Bridgeville
6378,X00470,POINT (1311738.387532298 380508.6284274059),37,Bridgeville
6466,X02590,POINT (1312229.464475833 382153.6535352816),37,Bridgeville
6515,X00500,POINT (1311195.203299915 381016.9288357021),37,Bridgeville
1307,E17290,POINT (1373756.659726687 411359.5949325414),41,Wilkinsburg
1327,E56005,POINT (1373848.538910668 412280.0474856461),41,Wilkinsburg
1328,E17316,POINT (1373430.466285744 412628.7020775805),41,Wilkinsburg
1332,E17295,POINT (1373360.375306107 412677.4080529624),41,Wilkinsburg
1333,E70182,POINT (1374488.719203184 411237.3031408933),41,Wilkinsburg
1492,E49270,POINT (1373549.46468589 410529.3920216588),41,Wilkinsburg
1493,E33100,POINT (1373079.693267247 410526.558270946),41,Wilkinsburg
1494,E46550,POINT (1372503.788714409 412564.7972913149),41,Wilkinsburg
1562,E27550,POINT (1374065.654962731 411725.998666188),41,Wilkinsburg
1563,E56035,POINT (1374442.406062315 411958.8530292051),41,Wilkinsburg
1613,E54580,POINT (1372578.370035748 412460.2257261091),41,Wilkinsburg
1672,E17297,POINT (1373403.5766679 412690.9379779145),41,Wilkinsburg
1679,E17298,POINT (1373398.444050158 412582.4691858052),41,Wilkinsburg
1700,E56003,POINT (1374242.001691999 412110.5544236845),41,Wilkinsburg
1704,E54585,POINT (1372518.63239198 412453.6576297532),41,Wilkinsburg
1712,E33140,POINT (1372611.788142545 410795.8997410041),41,Wilkinsburg
1713,E54600,POINT (1372363.176135811 411852.5136296317),41,Wilkinsburg
1741,E54550,POINT (1372274.13437013 411556.2249787025),41,Wilkinsburg
2012,E17289,POINT (1373788.94997027 411531.906283081),41,Wilkinsburg
2024,E52490,POINT (1374275.058373647 411025.2831240264),41,Wilkinsburg
2025,E52400,POINT (1373895.039603328 411198.8227014286),41,Wilkinsburg
2026,E33130,POINT (1372185.191784159 410851.0701201509),41,Wilkinsburg
2027,E33090,POINT (1371760.309608932 410862.113117286),41,Wilkinsburg
2064,E33120,POINT (1372204.810514197 410787.5517258545),41,Wilkinsburg
2076,E49260,POINT (1373755.735906791 410527.6785262665),41,Wilkinsburg
2080,E33160,POINT (1372986.109094107 410525.181934821),41,Wilkinsburg
2105,TP0460,POINT (1373717.010985332 412263.5529403963),41,Wilkinsburg
2124,E59520,POINT (1374489.619560526 412011.643710597),41,Wilkinsburg
2148,E54590,POINT (1372267.005871309 411067.3643720689),41,Wilkinsburg
2216,E54610,POINT (1372345.797447667 411950.9606307558),41,Wilkinsburg
2232,E52445,POINT (1373370.136167822 411379.1564916624),41,Wilkinsburg
2241,E70414,POINT (1373683.29953561 410974.3714201887),41,Wilkinsburg
2268,E70413,POINT (1373587.529541401 411296.638306165),41,Wilkinsburg
2272,E52485,POINT (1372739.402488291 411684.1434558691),41,Wilkinsburg
2314,E59450,POINT (1374146.34554341 411021.8366738965),41,Wilkinsburg
2323,E33060,POINT (1373346.494364373 410368.5022274924),41,Wilkinsburg
2330,E33150,POINT (1372507.785734921 410766.7185972562),41,Wilkinsburg
2357,E59360,POINT (1374018.197720274 410742.5220087452),41,Wilkinsburg
2396,E27540,POINT (1374090.666431644 411931.2830044491),41,Wilkinsburg
4294,E46870,POINT (1373094.932669605 412281.5339755588),41,Wilkinsburg
4303,E46560,POINT (1372626.483475668 412446.6690850459),41,Wilkinsburg
4304,E46590,POINT (1372969.361977503 412269.6363522912),41,Wilkinsburg
4305,E51040,POINT (1373802.18412693 411664.5941973256),41,Wilkinsburg
4518,E52495,POINT (1374077.803468281 411065.7656822208),41,Wilkinsburg
4705,E59510,POINT (1374517.629435509 411903.4668856662),41,Wilkinsburg
5612,E59430,POINT (1374246.473487231 411328.4311991195),41,Wilkinsburg
1329,E17294,POINT (1363932.60242299 417669.3139173033),28,East Liberty
1331,E17310,POINT (1363854.623401396 417622.4020245432),28,East Liberty
1429,E70426,POINT (1364282.074111198 417958.07514574),28,East Liberty
1430,E46470,POINT (1363760.153342346 418239.8527700795),28,East Liberty
1431,E46060,POINT (1363460.683767678 418399.1860150727),28,East Liberty
1432,E46490,POINT (1362366.865477009 418943.2502430251),28,East Liberty
1464,E70365,POINT (1363323.528136906 418096.8236170667),28,East Liberty
1472,E29077,POINT (1363369.975158107 418004.9411281588),28,East Liberty
1473,E29055,POINT (1363405.579124164 418342.9663304771),28,East Liberty
1496,E46070,POINT (1363334.887047514 418388.4370099736),28,East Liberty
1497,E70425,POINT (1364307.822280556 417884.5597524185),28,East Liberty
1538,E29150,POINT (1363902.697891271 419835.7438029475),28,East Liberty
1539,E70423,POINT (1363518.835015996 418805.1653573241),28,East Liberty
1551,E46595,POINT (1363205.303569596 418517.715807928),28,East Liberty
1606,E28960,POINT (1364011.004939829 419950.4186654617),28,East Liberty
1615,E45740,POINT (1362793.93599595 418676.5350926562),28,East Liberty
1620,E46597,POINT (1363089.351008527 418511.0984477857),28,East Liberty
1659,E70394,POINT (1363631.017311456 418263.074651046),28,East Liberty
1674,E17302,POINT (1363842.876433906 417642.7337388683),28,East Liberty
1678,E17303,POINT (1363929.614818696 417649.7092639557),28,East Liberty
1686,E28950,POINT (1364026.100322446 420145.3715393213),28,East Liberty
1718,E29057,POINT (1363715.627206941 419178.5782895803),28,East Liberty
1742,E70905,POINT (1362192.660956722 418933.3372072515),28,East Liberty
2157,E70164,POINT (1363885.905894574 419628.4427904869),28,East Liberty
2174,E05510,POINT (1362652.527967749 418326.1787959533),28,East Liberty
2245,E70368,POINT (1362546.012267671 417912.2838606939),28,East Liberty
2265,E05520,POINT (1362760.820764898 418462.348980165),28,East Liberty
4207,E17405,POINT (1364722.513831561 419672.0016786754),28,East Liberty
4209,E70230,POINT (1363904.446074033 417577.0821206652),28,East Liberty
4218,E70235,POINT (1364125.789672459 417556.6949153319),28,East Liberty
4278,E17373,POINT (1364119.66496647 419943.7364237572),28,East Liberty
4279,E70428,POINT (1364877.248100791 419705.3688053333),28,East Liberty
4469,E70288,POINT (1362577.107329493 417988.0432430993),28,East Liberty
4475,E70335,POINT (1362921.250024829 418116.5759867386),28,East Liberty
4546,E70234,POINT (1363918.88531969 417553.0400750788),28,East Liberty
4547,E70812,POINT (1364139.517646656 420060.5883298871),28,East Liberty
4575,E05515,POINT (1362516.888197601 418051.8429411526),28,East Liberty
4590,E17367,POINT (1363213.868161888 420277.2467588661),28,East Liberty
4605,E17375,POINT (1364053.577461002 420051.7705671941),28,East Liberty
4708,E17368,POINT (1363380.50748585 420353.3116194748),28,East Liberty
1334,E70034,POINT (1386682.431462049 438759.4319193574),45,Oakmont
1381,E19720,POINT (1346353.299434613 410122.037142257),4,CONSOL Energy Center
1396,E19780,POINT (1345943.930004905 410152.8119371478),4,CONSOL Energy Center
1402,E01810,POINT (1344861.620336502 410635.7753398728),4,CONSOL Energy Center
1469,E19220,POINT (1344092.48207618 410325.5098576096),4,CONSOL Energy Center
1481,P70019,POINT (1343924.34573119 411039.3020700712),4,CONSOL Energy Center
1487,E19470,POINT (1344676.402932516 410282.619645267),4,CONSOL Energy Center
1503,E01540,POINT (1346478.988091596 410500.3986379539),4,CONSOL Energy Center
1543,E01700,POINT (1346085.865516503 410534.7685606983),4,CONSOL Energy Center
1546,E19510,POINT (1345409.219411009 410203.8989227907),4,CONSOL Energy Center
1719,P00660,POINT (1344340.121161417 410680.3555410698),4,CONSOL Energy Center
1734,E01330,POINT (1345589.694935084 410568.1125576521),4,CONSOL Energy Center
2197,E13825,POINT (1344804.156470483 411202.0792528903),4,CONSOL Energy Center
2209,E13360,POINT (1346181.239259661 411343.1785472698),4,CONSOL Energy Center
2276,E13210,POINT (1345340.421236605 411235.1192618305),4,CONSOL Energy Center
2277,E13860,POINT (1345942.256372112 411218.7711025752),4,CONSOL Energy Center
2284,E13350,POINT (1346213.756112506 411417.7891786703),4,CONSOL Energy Center
2384,E13890,POINT (1345262.358969307 411176.2414843109),4,CONSOL Energy Center
2820,P01450,POINT (1344105.93539223 411194.6662286276),4,CONSOL Energy Center
3623,E53440,POINT (1346053.271589909 410138.3808242104),4,CONSOL Energy Center
3630,E15800,POINT (1346158.817496094 411502.2673768753),4,CONSOL Energy Center
3632,E15790,POINT (1346156.763753451 411399.1896501007),4,CONSOL Energy Center
3696,E15880,POINT (1345739.41932553 412191.0715517915),4,CONSOL Energy Center
3882,E53470,POINT (1346022.14064326 409821.7631835272),4,CONSOL Energy Center
3933,E15890,POINT (1345838.940372099 412020.1891371099),4,CONSOL Energy Center
3940,E15860,POINT (1345903.080763679 411980.3001917136),4,CONSOL Energy Center
3956,E13725,POINT (1346501.628870026 411570.8437181588),4,CONSOL Energy Center
4061,E15840,POINT (1345804.277591177 412190.5210972293),4,CONSOL Energy Center
4569,E70022,POINT (1345983.280007281 411288.4285186998),4,CONSOL Energy Center
5275,E53430,POINT (1346067.779989114 410458.3348904899),4,CONSOL Energy Center
1412,E19280,POINT (1357417.098044809 412380.7311939979),53,CMU
1413,E19910,POINT (1358320.898616133 412372.4830179189),53,CMU
1519,E19610,POINT (1358039.983982697 412428.6560332644),53,CMU
1666,E06410,POINT (1359487.086313695 412144.5828014918),53,CMU
1857,E19890,POINT (1359702.421121597 411666.2410352717),53,CMU
1858,E19170,POINT (1359408.888685012 412067.4437861608),53,CMU
1865,E19860,POINT (1357384.158073501 412422.0001512909),53,CMU
1898,E19520,POINT (1359602.79153001 411679.2775386808),53,CMU
1955,E19830,POINT (1359307.985357571 412073.9536997087),53,CMU
4302,E06390,POINT (1359443.964967287 412190.8385940886),53,CMU
1465,E28970,POINT (1363185.770639263 416075.5509682332),26,Shadyside
1466,E28860,POINT (1363512.07280624 414947.3159608534),26,Shadyside
1467,E01090,POINT (1363072.893706101 414725.6402670333),26,Shadyside
1534,E29160,POINT (1363161.648877408 415774.4132898948),26,Shadyside
1535,E29020,POINT (1363302.37718166 415452.8159121934),26,Shadyside
1536,E01350,POINT (1362599.180398417 414481.1371700323),26,Shadyside
1537,E01460,POINT (1361971.915814411 414230.5939632207),26,Shadyside
1549,E01930,POINT (1363025.480596041 414642.9942352587),26,Shadyside
1655,E01470,POINT (1361939.846155732 414171.9866939528),26,Shadyside
1688,E01990,POINT (1362571.949819453 414415.4859790767),26,Shadyside
2115,E01260,POINT (1363578.654807596 414960.6173718294),26,Shadyside
2116,E01980,POINT (1363543.269282992 414902.8185669582),26,Shadyside
2127,E28880,POINT (1363545.403262675 415000.7923992237),26,Shadyside
2155,E29170,POINT (1363229.503501423 415737.7581050542),26,Shadyside
2274,E29030,POINT (1363371.525278368 415412.1207750375),26,Shadyside
2369,E29105,POINT (1363235.711787196 416080.1511285918),26,Shadyside
3647,E41865,POINT (1361925.420666426 414309.3612718878),26,Shadyside
3652,E41781,POINT (1361381.240639983 415483.8156186229),26,Shadyside
3653,E41866,POINT (1361808.44335881 414498.8278096301),26,Shadyside
3657,E41970,POINT (1361625.271772182 415017.5353828317),26,Shadyside
3658,E41770,POINT (1361231.109373837 415975.8371224389),26,Shadyside
3659,E41971,POINT (1361583.9096762 415044.794684118),26,Shadyside
4047,E41771,POINT (1361162.012207366 416029.6559673826),26,Shadyside
4210,E18560,POINT (1361702.27838202 416534.8634179915),26,Shadyside
4226,E70232,POINT (1362131.932554868 416901.4206682806),26,Shadyside
4227,E18625,POINT (1361428.379128666 416219.8547796989),26,Shadyside
4228,E18600,POINT (1361233.359849099 416066.8843339286),26,Shadyside
4362,E18627,POINT (1361397.63614928 416124.7742774257),26,Shadyside
4503,E18570,POINT (1361659.744676701 416435.7008945244),26,Shadyside
4545,E18470,POINT (1362092.165087528 416801.4603379326),26,Shadyside
4549,E18610,POINT (1361151.220077439 415964.6931205678),26,Shadyside
5008,E41780,POINT (1361414.905801025 415516.8739802946),26,Shadyside
1771,N32540,POINT (1338467.035991609 449858.7916316622),34,McCandless
1779,N32730,POINT (1339525.332449337 448403.8170995007),34,McCandless
1804,N32690,POINT (1338674.88275485 449790.044890834),34,McCandless
2450,N12010,POINT (1338544.466211357 449756.2216816445),34,McCandless
2496,N12020,POINT (1338436.085524857 449779.4126273808),34,McCandless
2768,N28920,POINT (1339455.146023554 451142.0917696914),34,McCandless
2771,N70104,POINT (1339587.64250792 448546.168028507),34,McCandless
1825,E17460,POINT (1373888.102764886 404639.6941186822),54,Swissvale
1826,E17480,POINT (1373987.873898017 404976.5415692177),54,Swissvale
1827,E17560,POINT (1374134.74884585 405487.8934316849),54,Swissvale
1828,E17540,POINT (1374314.82755116 406186.4763369265),54,Swissvale
1830,E70019,POINT (1373734.588241809 404314.71518369),54,Swissvale
1835,E17720,POINT (1373769.532870021 404136.0401262172),54,Swissvale
1836,E17580,POINT (1374222.901863708 405851.2599177031),54,Swissvale
1950,E56550,POINT (1373790.465361029 403873.1622724725),54,Swissvale
1985,E56560,POINT (1373822.709982775 403847.6026320606),54,Swissvale
2050,E17640,POINT (1373949.622320932 405064.5595662657),54,Swissvale
2053,E17620,POINT (1373865.935882697 404736.4332414453),54,Swissvale
2097,E17680,POINT (1374253.070267297 406281.2570894579),54,Swissvale
2098,E17700,POINT (1374101.413990892 405583.4448261281),54,Swissvale
3791,E70884,POINT (1373559.229165601 404261.0186496951),54,Swissvale
4232,E17770,POINT (1373683.379452901 405179.2294905441),54,Swissvale
4233,E17760,POINT (1373785.986902477 405736.8370069032),54,Swissvale
4234,E17790,POINT (1373427.449207907 405489.702614964),54,Swissvale
4527,E08741,POINT (1373558.711121739 404435.2167051717),54,Swissvale
4801,E17750,POINT (1373476.689769214 404808.8951524302),54,Swissvale
5450,E17780,POINT (1373548.300273699 405914.9529739216),54,Swissvale
6168,E08740,POINT (1373459.177138526 404476.6174047956),54,Swissvale
2218,E18907,POINT (1399583.409534315 407050.9142462491),5,Monroeville Convention Center
4260,E38322,POINT (1400320.374831177 406625.3779541926),5,Monroeville Convention Center
4261,E44740,POINT (1401350.46601697 406436.1504828031),5,Monroeville Convention Center
4409,E38305,POINT (1401020.176158746 407423.2702532244),5,Monroeville Convention Center
4410,E38350,POINT (1400333.019300029 406774.8523909898),5,Monroeville Convention Center
4550,E38560,POINT (1400218.209881315 406180.9905473814),5,Monroeville Convention Center
5432,E44770,POINT (1401350.577869137 406513.3997672646),5,Monroeville Convention Center
5464,E18905,POINT (1399462.837707268 407062.8154725254),5,Monroeville Convention Center
5760,E38340,POINT (1401043.557075478 407362.6050801516),5,Monroeville Convention Center
6465,E44730,POINT (1400770.169553701 406882.4503409227),5,Monroeville Convention Center
3357,S09730,POINT (1348551.800619362 387836.1899818648),38,Brentwood
3358,S08480,POINT (1348579.195934463 388259.6740942936),38,Brentwood
3438,S08600,POINT (1348515.572419849 387294.4949955457),38,Brentwood
3447,S08610,POINT (1348469.545519685 387281.8075627787),38,Brentwood
3561,S09510,POINT (1348520.583376424 386498.1306562844),38,Brentwood
3616,S09280,POINT (1348529.011107416 388314.1430525474),38,Brentwood
3676,S08760,POINT (1348471.885630691 386534.341572821),38,Brentwood
3688,S09100,POINT (1348507.736477076 387846.0465209967),38,Brentwood
3699,S09490,POINT (1348507.86687791 386037.8357930794),38,Brentwood
4965,S08590,POINT (1348549.263920175 386143.2003936902),38,Brentwood
3801,E28660,POINT (1360870.694611016 403276.3025080772),33,Greenfield
3925,E28610,POINT (1361188.716793047 403285.934832763),33,Greenfield
4057,E28590,POINT (1360737.917231919 403301.8140308298),33,Greenfield
4120,E28630,POINT (1361544.646877315 403285.5249817843),33,Greenfield
4244,E07870,POINT (1360489.468186271 403244.9153712972),33,Greenfield
4245,E70376,POINT (1361687.675030887 403968.5402288183),33,Greenfield
4247,E25338,POINT (1359830.211080716 404875.2016311185),33,Greenfield
4248,E25351,POINT (1361648.987519313 404003.3853804107),33,Greenfield
4249,E58140,POINT (1358868.257463818 403582.7925227771),33,Greenfield
4252,E07880,POINT (1359292.469800946 403044.9741919562),33,Greenfield
4253,E25354,POINT (1359879.866169843 404923.5317867064),33,Greenfield
4285,E25335,POINT (1360823.519048262 404837.8695945771),33,Greenfield
4287,E07890,POINT (1360459.319705487 403275.9070901678),33,Greenfield
4314,E25337,POINT (1360170.101681765 404970.2794680394),33,Greenfield
4416,E25366,POINT (1359556.108819458 404985.1189155367),33,Greenfield
4418,E25075,POINT (1360836.893565642 404793.0809818044),33,Greenfield
4419,E70403,POINT (1359386.601650534 403089.6503045699),33,Greenfield
4610,E25362,POINT (1359546.354298159 404951.1060451528),33,Greenfield
4613,E07915,POINT (1359893.746030332 403144.5043902563),33,Greenfield
4779,E25364,POINT (1360449.106184764 404934.58739197),33,Greenfield
5015,E70847,POINT (1359648.337117807 402614.5352424934),33,Greenfield
5250,E70848,POINT (1360459.80503258 403171.6740115759),33,Greenfield
5277,E70849,POINT (1359666.68113346 402691.7001245379),33,Greenfield
5362,E07910,POINT (1359957.688902822 403184.8283952728),33,Greenfield
5364,E25100,POINT (1361157.72391921 404635.3791151874),33,Greenfield
5420,E25358,POINT (1361581.519032511 404384.0366520728),33,Greenfield
5640,E25200,POINT (1361103.027565645 404630.9001324932),33,Greenfield
5661,E25365,POINT (1360149.592488674 404940.5410643026),33,Greenfield
5838,E28620,POINT (1361094.018858899 403319.6138681732),33,Greenfield
5845,E25090,POINT (1360417.823708044 404908.3949751657),33,Greenfield
5875,E25369,POINT (1361589.525544625 404324.8046786616),33,Greenfield
